Title,Year,Cited by,DOI,ISSN
Neurovirulent cytokines increase neuronal excitability in a model of coronavirus-induced neuroinflammation,2023,0,10.1186/s40635-023-00557-9,2197425X
No evidence of association between inherited thrombophilia and increased risk of liver fibrosis,2023,0,10.1002/ueg2.12500,20506406
A closed-loop ventilation mode that targets the lowest work and force of breathing reduces the transpulmonary driving pressure in patients with moderate-to-severe ARDS,2023,1,10.1186/s40635-023-00527-1,2197425X
Muscle ultrasound shear wave elastography for detection of early onset lower limb ischemia in patients with veno-arterial extracorporeal membrane oxygenation,2023,0,10.1186/s40635-023-00576-6,2197425X
Precision net ultrafiltration dosing in continuous kidney replacement therapy: a practical approach,2023,2,10.1186/s40635-023-00566-8,2197425X
"Pharmacokinetic analysis of vilobelimab, anaphylatoxin C5a and antidrug antibodies in PANAMO: a phase 3 study in critically ill, invasively mechanically ventilated COVID-19 patients",2023,2,10.1186/s40635-023-00520-8,2197425X
Intra-tidal PaO2 oscillations associated with mechanical ventilation: a pilot study to identify discrete morphologies in a porcine model,2023,1,10.1186/s40635-023-00544-0,2197425X
"Research, education and capacity building priorities for violence, abuse and mental health in low- and middle-income countries: an international qualitative survey",2023,2,10.1007/s00127-021-02061-5,09337954
The impact of intravenous dodecafluoropentane on a murine model of acute lung injury,2023,0,10.1186/s40635-023-00518-2,2197425X
Releasing high positive end-expiratory pressure to a low level generates a pronounced increase in particle flow from the airways,2023,1,10.1186/s40635-023-00498-3,2197425X
Perioperative advanced haemodynamic monitoring of patients undergoing multivisceral debulking surgery: an observational pilot study,2023,1,10.1186/s40635-023-00543-1,2197425X
Physiological adaptations during weaning from veno-venous extracorporeal membrane oxygenation,2023,3,10.1186/s40635-023-00493-8,2197425X
Inferior vena cava distensibility from subcostal and trans-hepatic imaging using both M-mode or artificial intelligence: a prospective study on mechanically ventilated patients,2023,23,10.1186/s40635-023-00529-z,2197425X
"In an endotoxaemic model, antibiotic clearance can be affected by different central venous catheter positions, during renal replacement therapy",2023,0,10.1186/s40635-023-00516-4,2197425X
Effect of low-to-moderate hyperoxia on lung injury in preclinical animal models: a systematic review and meta-analysis,2023,2,10.1186/s40635-023-00501-x,2197425X
Assessing neutrophil-derived ROS production at the bedside: a potential prognostic tool in severe COVID-19 cases,2023,0,10.1186/s40635-023-00554-y,2197425X
Soluble TREM-1 plasma concentration predicts poor outcome in COVID-19 patients,2023,2,10.1186/s40635-023-00532-4,2197425X
"Clinical phenotypes and outcomes associated with SARS-CoV-2 Omicron variants BA.2, BA.5 and BQ.1.1 in critically ill patients with COVID-19: a prospective, multicenter cohort study",2023,1,10.1186/s40635-023-00536-0,2197425X
Reappraisal of intra-abdominal candidiasis: insights from peritoneal fluid analysis,2023,2,10.1186/s40635-023-00552-0,2197425X
Elevated free interleukin-18 associated with severity and mortality in prospective cohort study of 206 hospitalised COVID-19 patients,2023,9,10.1186/s40635-022-00488-x,2197425X
Time spent above optimal cerebral perfusion pressure is not associated with failure to improve in outcome in traumatic brain injury,2023,0,10.1186/s40635-023-00579-3,2197425X
Assessment of the inferior vena cava collapsibility from subcostal and trans-hepatic imaging using both M-mode or artificial intelligence: a prospective study on healthy volunteers,2023,17,10.1186/s40635-023-00505-7,2197425X
Protective effect of canagliflozin on post-resuscitation myocardial function in a rat model of cardiac arrest,2023,0,10.1186/s40635-023-00562-y,2197425X
Insulin signaling in skeletal muscle during inflammation and/or immobilisation,2023,1,10.1186/s40635-023-00503-9,2197425X
Electroencephalographic monitoring of brain activity during cardiac arrest: a narrative review,2023,2,10.1186/s40635-022-00489-w,2197425X
The effects of resuscitation with different plasma products on endothelial permeability and organ injury in a rat pneumosepsis model,2023,1,10.1186/s40635-023-00549-9,2197425X
Efficacy of endotracheal tube clamping to prevent positive airways pressure loss and pressure behavior after reconnection: a bench study,2023,0,10.1186/s40635-023-00519-1,2197425X
Reduced anticoagulation strategy is associated with a lower incidence of intracerebral hemorrhage in COVID-19 patients on extracorporeal membrane oxygenation,2023,3,10.1186/s40635-023-00525-3,2197425X
Past-year intimate partner violence perpetration among people with and without depression: an individual participant data (IPD) meta-mediation analysis,2023,4,10.1007/s00127-021-02183-w,09337954
The metabolic cost of inspiratory muscle training in mechanically ventilated patients in critical care,2023,1,10.1186/s40635-023-00522-6,2197425X
Temporal relationship between vasopressor and sedative administration and cerebrovascular response in traumatic brain injury: a time-series analysis,2023,1,10.1186/s40635-023-00515-5,2197425X
"Effect of norepinephrine on the vascular waterfall and tissue perfusion in vasoplegic hypotensive patients: a prospective, observational, applied physiology study in cardiac surgery",2023,2,10.1186/s40635-023-00539-x,2197425X
Metabolic disturbances potentially attributable to clogging during continuous renal replacement therapy,2023,0,10.1186/s40635-023-00581-9,2197425X
Statistical properties of cerebral near infrared and intracranial pressure-based cerebrovascular reactivity metrics in moderate and severe neural injury: a machine learning and time-series analysis,2023,5,10.1186/s40635-023-00541-3,2197425X
Fluid restrictive resuscitation with high molecular weight hyaluronan infusion in early peritonitis sepsis,2023,1,10.1186/s40635-023-00548-w,2197425X
Quadriceps handheld dynamometry during the post-ICU trajectory: using strictly the same body position is mandatory for repeated measures,2023,0,10.1186/s40635-023-00523-5,2197425X
Hyperkalemia and Plant-Based Diets in Chronic Kidney Disease,2023,0,10.1053/j.akdh.2023.10.001,29498139
To push or to pull? A clinical audit on the efficacy and safety of the pull and push percutaneous endoscopic gastrostomy techniques in oncological patients,2023,2,10.1002/ueg2.12467,20506406
Medical Nutrition Therapy for Chronic Kidney Disease: Low Access and Utilization,2023,0,10.1053/j.akdh.2023.12.001,29498139
Interobserver reliability for manual analysis of sidestream darkfield videomicroscopy clips after resizing in ImageJ,2023,0,10.1186/s40635-023-00572-w,2197425X
Serum proteome profiles in patients treated with targeted temperature management after out-of-hospital cardiac arrest,2023,2,10.1186/s40635-023-00528-0,2197425X
Understanding the mechanisms of ventilator-induced lung injury using animal models,2023,1,10.1186/s40635-023-00569-5,2197425X
"Receiving threatening or obscene messages from a partner and mental health, self-harm and suicidality: results from the Adult Psychiatric Morbidity Survey",2023,7,10.1007/s00127-021-02113-w,09337954
Capillary leak and endothelial permeability in critically ill patients: a current overview,2023,2,10.1186/s40635-023-00582-8,2197425X
Ultra-low tidal volume ventilation during cardiopulmonary resuscitation shows no mitigating effect on pulmonary end-organ damage compared to standard ventilation: insights from a porcine model,2023,0,10.1186/s40635-023-00568-6,2197425X
A randomized porcine study of hemorrhagic shock comparing end-tidal carbon dioxide targeted and proximal systolic blood pressure targeted partial resuscitative endovascular balloon occlusion of the aorta in the mitigation of metabolic injury,2023,0,10.1186/s40635-023-00502-w,2197425X
Weaning assessment of veno-arteriovenous (V-AV) extracorporeal membrane oxygenation (ECMO),2023,1,10.1186/s40635-023-00538-y,2197425X
Identifying a target group for selenium supplementation in high-risk cardiac surgery: a secondary analysis of the SUSTAIN CSX trial,2023,0,10.1186/s40635-023-00574-8,2197425X
"Furosemide exacerbated the impairment of renal function, oxygenation and medullary damage in a rat model of renal ischemia/reperfusion induced AKI",2023,1,10.1186/s40635-023-00509-3,2197425X
Medium-term health and social outcomes in adolescents following sexual assault: a prospective mixed-methods cohort study,2023,6,10.1007/s00127-021-02127-4,09337954
Comparison of cardiac index measurements in intensive care patients using continuous wave vs. pulsed wave echo-Doppler compared to pulse contour cardiac output,2023,1,10.1186/s40635-023-00499-2,2197425X
Development and characterization of a fecal-induced peritonitis model of murine sepsis: results from a multi-laboratory study and iterative modification of experimental conditions,2023,2,10.1186/s40635-023-00533-3,2197425X
Circulating endothelial extracellular vesicle signatures correspond with ICU requirement: an exploratory study in COVID-19 patients,2023,0,10.1186/s40635-023-00567-7,2197425X
"Comparison of whole blood cytokine immunoassays for rapid, functional immune phenotyping in critically ill patients with sepsis",2023,1,10.1186/s40635-023-00556-w,2197425X
Precision of CT-derived alveolar recruitment assessed by human observers and a machine learning algorithm in moderate and severe ARDS,2023,2,10.1186/s40635-023-00495-6,2197425X
Effect of intravenous fluid volume on biomarkers of endothelial glycocalyx shedding and inflammation during initial resuscitation of sepsis,2023,2,10.1186/s40635-023-00508-4,2197425X
"Hemodynamic effects of supplemental oxygen versus air in simulated blood loss in healthy volunteers: a randomized, controlled, double-blind, crossover trial",2023,1,10.1186/s40635-023-00561-z,2197425X
Respect for the journey: a survivor-led investigation of undergoing psychotherapy assessment,2023,5,10.1007/s00127-020-02017-1,09337954
Research priorities for therapeutic plasma exchange in critically ill patients,2023,8,10.1186/s40635-023-00510-w,2197425X
Phrenic nerve stimulation to prevent diaphragmatic dysfunction and ventilator-induced lung injury,2023,3,10.1186/s40635-023-00577-5,2197425X
A deep learning model for the classification of atrial fibrillation in critically ill patients,2023,5,10.1186/s40635-022-00490-3,2197425X
Splanchnic sympathetic nerve denervation improves bacterial clearance and clinical recovery in established ovine Gram-negative bacteremia,2023,1,10.1186/s40635-023-00530-6,2197425X
Portal-hypertension features are associated with ascites occurrence and survival in patients with hepatocellular carcinoma treated by external radiotherapy,2023,0,10.1002/ueg2.12488,20506406
Impact of critical illness on cholesterol and fatty acids: insights into pathophysiology and therapeutic targets,2023,0,10.1186/s40635-023-00570-y,2197425X
Pathophysiological implications of ventriculoarterial coupling in septic shock,2023,1,10.1186/s40635-023-00573-9,2197425X
Multiorgan recovery in a cadaver body using mild hypothermic ECMO treatment in a murine model,2023,1,10.1186/s40635-023-00534-2,2197425X
Fluid management strategies and their interaction with mechanical ventilation: from experimental studies to clinical practice,2023,2,10.1186/s40635-023-00526-2,2197425X
Current knowledge gaps in extracorporeal respiratory support,2023,1,10.1186/s40635-023-00563-x,2197425X
An education-based telehealth group improves the management and clinical outcomes of patients with inflammatory bowel disease in China (THEIM study),2023,1,10.1002/ueg2.12470,20506406
The effect of gravity-induced preload change on the venous excess ultrasound (VExUS) score and internal jugular vein Doppler in healthy volunteers,2023,9,10.1186/s40635-023-00504-8,2197425X
Blood volume in patients likely to be preload responsive: a post hoc analysis of a randomized controlled trial,2023,2,10.1186/s40635-023-00500-y,2197425X
Agreement of pCO2 in venous to arterial blood gas conversion models in undifferentiated emergency patients,2023,0,10.1186/s40635-023-00564-w,2197425X
A model of porcine polymicrobial septic shock,2023,0,10.1186/s40635-023-00513-7,2197425X
An experimental porcine model of invasive candidiasis,2023,0,10.1186/s40635-023-00514-6,2197425X
Ventilation during continuous compressions or at 30:2 compression-to-ventilation ratio results in similar arterial oxygen and carbon dioxide levels in an experimental model of prolonged cardiac arrest,2023,3,10.1186/s40635-022-00485-0,2197425X
Perioperative lung function following flow controlled ventilation for robot-assisted prostatectomies in steep trendelenburg position: an observational study,2023,0,10.1186/s40635-023-00537-z,2197425X
Effects of changes in trunk inclination on ventilatory efficiency in ARDS patients: quasi-experimental study,2023,2,10.1186/s40635-023-00550-2,2197425X
The impact of sedative and vasopressor agents on cerebrovascular reactivity in severe traumatic brain injury,2023,1,10.1186/s40635-023-00524-4,2197425X
Changes in upper airways microbiota in ventilator-associated pneumonia,2023,4,10.1186/s40635-023-00496-5,2197425X
The effect of inspiratory rise time on mechanical power calculations in pressure control ventilation: dynamic approach,2023,0,10.1186/s40635-023-00584-6,2197425X
Continuous chest compressions are associated with higher peak inspiratory pressures when compared to 30:2 in an experimental cardiac arrest model,2023,1,10.1186/s40635-023-00559-7,2197425X
Distinct host-response signatures in circulatory shock: a narrative review,2023,3,10.1186/s40635-023-00531-5,2197425X
Bioengineered extracellular vesicles: future of precision medicine for sepsis,2023,1,10.1186/s40635-023-00491-w,2197425X
Impact of intravenous fluid administration on cardiac output and oxygenation during cardiopulmonary resuscitation,2023,0,10.1186/s40635-023-00497-4,2197425X
Lower gut dysbiosis and mortality in acute critical illness: a systematic review and meta-analysis,2023,7,10.1186/s40635-022-00486-z,2197425X
Plasma bioactive adrenomedullin on intensive care unit admission is associated with acute respiratory distress syndrome: an observational study,2023,3,10.1186/s40635-023-00494-7,2197425X
Adiposity as a risk factor for inflammatory bowel disease and the mediating effect of metabolic and inflammatory status: A population-based cohort study,2023,1,10.1002/ueg2.12468,20506406
A model of hemodialysis after acute kidney injury in rats,2023,0,10.1186/s40635-023-00583-7,2197425X
Pressure-support compared with pressure-controlled ventilation mitigates lung and brain injury in experimental acute ischemic stroke in rats,2023,0,10.1186/s40635-023-00580-w,2197425X
Extracorporeal cardiopulmonary resuscitation in 2023,2023,1,10.1186/s40635-023-00558-8,2197425X
Is mechanical power an under-recognised entity within the preterm lung?,2023,0,10.1186/s40635-023-00511-9,2197425X
Colonic oxygen microbubbles augment systemic oxygenation and CO2 removal in a porcine smoke inhalation model of severe hypoxia,2023,0,10.1186/s40635-023-00517-3,2197425X
Diaphragm excursions as proxy for tidal volume during spontaneous breathing in invasively ventilated ICU patients,2023,0,10.1186/s40635-023-00553-z,2197425X
Timing and threshold of high sensitive troponin T measurement for the prediction of mortality after cardiac surgery: a retrospective cohort analysis,2023,1,10.1186/s40635-023-00545-z,2197425X
Body composition parameters predict survival in pancreatic cancer—A retrospective multicenter analysis,2023,1,10.1002/ueg2.12489,20506406
"MesenchymAl stromal cells for Traumatic bRain Injury (MATRIx): a study protocol for a multicenter, double-blind, randomised, placebo-controlled phase II trial",2023,1,10.1186/s40635-023-00535-1,2197425X
Neurofilament light chain on intensive care admission is an independent predictor of mortality in COVID-19: a prospective multicenter study,2023,1,10.1186/s40635-023-00547-x,2197425X
Sex differences in experiences of multiple traumas and mental health problems in the UK Biobank cohort,2023,7,10.1007/s00127-021-02092-y,09337954
First non-invasive magnetic phrenic nerve and diaphragm stimulation in anaesthetized patients: a proof-of-concept study,2023,5,10.1186/s40635-023-00506-6,2197425X
Role of dexmedetomidine in modifying immune paralysis in patients with septic shock: randomized controlled trial,2023,0,10.1186/s40635-023-00542-2,2197425X
Social integration and risk of mortality among African-Americans: the Jackson heart study,2023,2,10.1007/s00127-023-02485-1,09337954
Dialysis and Transplant Considerations in Autosomal Dominant Polycystic Kidney Disease,2023,0,10.1053/j.akdh.2023.06.005,29498139
Genetic Spectrum of Polycystic Kidney and Liver Diseases and the Resulting Phenotypes,2023,2,10.1053/j.akdh.2023.04.004,29498139
A review of excluded groups and non-response in population-based mental health surveys from high-income countries,2023,2,10.1007/s00127-023-02488-y,09337954
Low-Protein Diets and Its Synergistic Role in the SGLT2 Inhibitor Era,2023,0,10.1053/j.akdh.2023.12.005,29498139
Differences in clinical presentation at first hospitalization and the impact on involuntary admissions among first-generation migrant groups with non-affective psychotic disorders,2023,0,10.1007/s00127-023-02465-5,09337954
Correlates of substance use in a large naturalistic cohort of young people with early and emerging psychosis,2023,2,10.1007/s00127-023-02436-w,09337954
Correlates of chronic depression in the general population: results from the CoLaus|PsyCoLaus study,2023,1,10.1007/s00127-023-02462-8,09337954
Ecological momentary interventions for smoking cessation: a systematic review and meta-analysis,2023,1,10.1007/s00127-023-02503-2,09337954
A global survey of health care workers' awareness of non-alcoholic fatty liver disease: The AwareNASH survey,2023,5,10.1002/ueg2.12445,20506406
"A Low-Protein, Plant-Dominant Gluten-Free Diet for Immunoglobulin A Nephropathy and Focal Segmental Glomerulosclerosis",2023,0,10.1053/j.akdh.2023.09.001,29498139
"Understanding the complexity, patterns, and correlates of alcohol and other substance use among young people seeking help for mental ill-health",2023,2,10.1007/s00127-023-02444-w,09337954
Toward a more precise prognostic stratification in acute decompensation of cirrhosis: The Padua model 2.0,2023,8,10.1002/ueg2.12472,20506406
Popular Diets and Kidney Stones,2023,0,10.1053/j.akdh.2023.10.002,29498139
Extrarenal Manifestations: Polycystic Liver Disease and Its Complications,2023,0,10.1053/j.akdh.2023.10.004,29498139
Prevalence and correlates of perinatal depression,2023,16,10.1007/s00127-022-02386-9,09337954
"Intergenerational transmission of stress: Multi-domain stressors from maternal childhood and pregnancy predict children’s mental health in a racially and socioeconomically diverse, multi-site cohort",2023,8,10.1007/s00127-022-02401-z,09337954
Examination of the temporal sequence between social media use and well-being in a representative sample of adults,2023,5,10.1007/s00127-022-02363-2,09337954
Risk of psychopathology following traumatic events among immigrants and native-born persons in Denmark,2023,1,10.1007/s00127-022-02391-y,09337954
Self-harm and rurality in Canada: an analysis of hospitalization data from 2015 to 2019,2023,1,10.1007/s00127-023-02463-7,09337954
Questionnaire PLD-complaint-specific assessment identifies need for therapy in polycystic liver disease: A multi-centric prospective study,2023,0,10.1002/ueg2.12387,20506406
Palliative Care in Kidney and Liver Diseases,2023,0,10.1053/j.akdh.2023.07.003,29498139
Chronic Kidney Disease After Liver Transplantation,2023,0,10.1053/j.akdh.2023.07.004,29498139
Pregnancy in Autosomal Dominant Polycystic Kidney Disease,2023,0,10.1053/j.akdh.2023.10.006,29498139
Four-fold increased mortality rate in patients with Wilson's disease: A population-based cohort study of 151 patients,2023,5,10.1002/ueg2.12452,20506406
"Sedative drug-use in Denmark, 2000 to 2019: a nationwide drug utilization study",2023,1,10.1007/s00127-022-02409-5,09337954
"Psychological distress, non-medical use of prescription medications, and perceived unmet mental health care needs: a cross-sectional study of Ontario students",2023,0,10.1007/s00127-023-02450-y,09337954
Cancer risk and mortality in patients with solitary juvenile polyps—A nationwide cohort study with matched controls,2023,1,10.1002/ueg2.12441,20506406
The association between experience of COVID-19-related discrimination and psychological distress among healthcare workers for six national medical research centers in Japan,2023,0,10.1007/s00127-023-02460-w,09337954
Essentials of Liver Transplantation in the Setting of Acute Kidney Injury and Chronic Kidney Disease,2023,0,10.1053/j.akdh.2023.06.004,29498139
Impact of proton pump inhibitors on the risk of small bowel or colorectal bleeding: A systematic review and meta-analysis,2023,1,10.1002/ueg2.12448,20506406
"Dietary strategies in non-alcoholic fatty liver disease patients: From evidence to daily clinical practice, a systematic review",2023,6,10.1002/ueg2.12443,20506406
"Self-compassion mitigates the cognitive, affective, and social impact of courtesy stigma on parents of autistic children",2023,1,10.1007/s00127-022-02413-9,09337954
Intraoperative Renal Replacement Therapy in Orthotopic Liver Transplantation,2023,1,10.1053/j.akdh.2023.03.003,29498139
Transjugular intrahepatic portosystemic shunt in patients with hepatocellular carcinoma: A systematic review,2023,1,10.1002/ueg2.12454,20506406
Diastolic dysfunction is associated with cardiac decompensation after transjugular intrahepatic portosystemic shunt in patients with liver cirrhosis,2023,2,10.1002/ueg2.12471,20506406
Estimated impact of the COVID-19 pandemic on the prevalence and treatment of depressive symptoms in Peru: an interrupted time series analysis in 2014–2021,2023,9,10.1007/s00127-023-02446-8,09337954
Update on Assessment of Estimated Glomerular Filtration Rate in Patients With Cirrhosis,2023,0,10.1053/j.akdh.2023.06.001,29498139
"Trajectories of generalized anxiety disorder, major depression and change in quality of life in adults aged 50 + : findings from a longitudinal analysis using representative, population-based data from Ireland",2023,1,10.1007/s00127-022-02373-0,09337954
Predictors of alcohol and substance use among people with post-traumatic stress disorder (PTSD): findings from the NESARC-III study,2023,3,10.1007/s00127-023-02472-6,09337954
Young adults with intellectual and developmental disabilities who participate in Special Olympics are less likely to be diagnosed with depression,2023,2,10.1007/s00127-022-02406-8,09337954
Animal Protein Intake and Possible Cardiovascular Risk in People With Chronic Kidney Disease: Mechanisms and Evidence,2023,0,10.1053/j.akdh.2023.06.003,29498139
Factors associated with new onset of father-to-infant bonding failure from 1 to 6 months postpartum: an adjunct study of the Japan environment and children’s study,2023,0,10.1007/s00127-023-02505-0,09337954
Revisiting Intradialytic Parenteral Nutrition: How Can We Apply the Evidence in Clinical Practice?,2023,0,10.1053/j.akdh.2023.07.006,29498139
Perceived risk of LSD varies with age and race: evidence from 2019 United States cross-sectional data,2023,1,10.1007/s00127-023-02448-6,09337954
Fecal lactoferrin early predicts long-term outcomes in ulcerative colitis: A post-hoc analysis of the UNIFI and PURSUIT trials,2023,2,10.1002/ueg2.12431,20506406
miR-10b-5p rescues leaky gut linked with gastrointestinal dysmotility and diabetes,2023,1,10.1002/ueg2.12463,20506406
Physical activity in childhood and later risk of inflammatory bowel disease: A Scandinavian birth cohort study,2023,3,10.1002/ueg2.12469,20506406
Parental mental disorders and offspring schizotypy in middle childhood: an intergenerational record linkage study,2023,1,10.1007/s00127-023-02455-7,09337954
Symptoms and levels of ICD-11 Prolonged Grief Disorder in a representative community sample of UK adults,2023,10,10.1007/s00127-023-02469-1,09337954
A bibliometric analysis of media coverage of mental disorders between 2002 and 2022,2023,1,10.1007/s00127-023-02473-5,09337954
Assessing the Risk of Progression to Kidney Failure in Patients With Autosomal Dominant Polycystic Kidney Disease,2023,1,10.1053/j.akdh.2023.06.002,29498139
"Vascular Complications in Autosomal Dominant Polycystic Kidney Disease: Perspectives, Paradigms, and Current State of Play",2023,2,10.1053/j.akdh.2023.09.004,29498139
"The relationship between genetic liability, childhood maltreatment, and IQ: findings from the EU-GEI multicentric case–control study",2023,1,10.1007/s00127-023-02513-0,09337954
A qualitative integrative analysis of service users’ and service providers’ perspectives on ways to reduce coercion in mental health care,2023,0,10.1007/s00127-023-02435-x,09337954
Post-traumatic stress symptoms and benefit finding: a longitudinal study among Italian health workers during the COVID-19 pandemic,2023,3,10.1007/s00127-023-02475-3,09337954
Acculturation and suicide-related risk in ethnoracially minoritized youth in the US: a scoping review and content analysis of the empirical evidence,2023,1,10.1007/s00127-023-02494-0,09337954
"Does the peer-led Honest, Open, Proud program reduce stigma’s impact for everyone? An individual participant data meta-regression analysis",2023,2,10.1007/s00127-023-02491-3,09337954
Invalidity of Tokyo guidelines in acute biliary pancreatitis: A multicenter cohort analysis of 944 pancreatitis cases,2023,1,10.1002/ueg2.12402,20506406
Weighing psychosocial factors in relatives for the risk of psychopathology: a study of patients with depressive and anxiety disorders and their siblings,2023,2,10.1007/s00127-023-02432-0,09337954
Trajectories of depression symptoms in a therapist-supported digital mental health intervention: a repeated measures latent profile analysis,2023,4,10.1007/s00127-022-02402-y,09337954
Risk of suicide and self-harm in university students entering different university programs – a national register-based cohort study in Sweden,2023,2,10.1007/s00127-023-02484-2,09337954
Nonalcoholic Fatty Liver Disease and Chronic Kidney Disease Cross Talk,2023,2,10.1053/j.akdh.2023.04.001,29498139
"Diverticular Inflammation and Complication Assessment classification, CODA score and fecal calprotectin in clinical assessment of patients with diverticular disease: A decision curve analysis",2023,0,10.1002/ueg2.12369,20506406
Comparison of treatment effect between phase 2 and phase 3 trials in patients with inflammatory bowel disease,2023,1,10.1002/ueg2.12455,20506406
"Neighbourhood cohesion, loneliness and perceived social isolation prior and during the COVID-19 pandemic. Longitudinal evidence from the German Ageing Survey",2023,5,10.1007/s00127-023-02447-7,09337954
Smoking and colorectal neoplasia in patients with inflammatory bowel disease: Dose-effect relationship,2023,1,10.1002/ueg2.12426,20506406
Maternal social isolation in the perinatal period and early childhood development: the Tohoku Medical Megabank Project Birth and Three-Generation Cohort Study,2023,0,10.1007/s00127-023-02498-w,09337954
Suicide rates in the Slovak Republic in 2011–2020,2023,0,10.1007/s00127-023-02486-0,09337954
"Changes in anxiety and depression symptoms during the Covid-19 lockdown in the Netherlands. The moderating role of pre-existing mental health, employment situation and alcohol consumption",2023,1,10.1007/s00127-023-02480-6,09337954
"Results of the COVID-19 mental health international for the health professionals (COMET-HP) study: depression, suicidal tendencies and conspiracism",2023,5,10.1007/s00127-023-02438-8,09337954
Association of childhood threat and deprivation with depressive symptoms and the moderating role of current economic status among middle-aged and older adults in China,2023,6,10.1007/s00127-022-02384-x,09337954
Mesalazine granules promote disease clearance in patients with mild-to-moderate ulcerative colitis,2023,4,10.1002/ueg2.12435,20506406
The shattered “Iron Rice Bowl”: effects of Chinese state-owned enterprise reform on depressive symptoms in later life,2023,2,10.1007/s00127-023-02437-9,09337954
Relationship of social determinants of health with symptom severity among Veterans and non-Veterans with probable posttraumatic stress disorder or depression,2023,1,10.1007/s00127-023-02478-0,09337954
Longitudinal patterns of polysubstance use throughout adolescence: association with adult substance use and psychosocial outcomes controlling for preadolescent risk factors in a male cohort,2023,0,10.1007/s00127-023-02454-8,09337954
"Verification of the Goldilocks Hypothesis: the association between screen use, digital media and psychiatric symptoms in the Growing Up in Ireland study",2023,1,10.1007/s00127-022-02352-5,09337954
The additive value of CA19.9 monitoring in a pancreatic cyst surveillance program,2023,4,10.1002/ueg2.12422,20506406
A pilot genome-wide association study meta-analysis of gastroparesis,2023,0,10.1002/ueg2.12453,20506406
Acid Base Disorders in Cirrhosis,2023,0,10.1053/j.akdh.2023.04.002,29498139
Review article: Updated management of acute severe ulcerative colitis: From steroids to novel medical strategies,2023,0,10.1002/ueg2.12442,20506406
Diagnostic value of radiological staging and surveillance for T1 colorectal carcinomas: A multicenter cohort study,2023,2,10.1002/ueg2.12403,20506406
"Length and associated characteristics of short-term detentions: an analysis of detentions under the Mental Health Act in Scotland, 2006–2018",2023,0,10.1007/s00127-023-02459-3,09337954
Preconception factors associated with postnatal mental health and suicidality among first-time fathers: results from an Australian Longitudinal Study of Men’s Health,2023,0,10.1007/s00127-023-02421-3,09337954
Clinical usefulness of scoring systems to predict severe acute pancreatitis: A systematic review and meta-analysis with pre and post-test probability assessment,2023,3,10.1002/ueg2.12464,20506406
"Autosomal Recessive Polycystic Kidney Disease: Diagnosis, Prognosis, and Management",2023,1,10.1053/j.akdh.2023.01.005,29498139
Self-reported treatment effectiveness for Crohn's disease using a novel crowdsourcing web-based platform,2023,1,10.1002/ueg2.12424,20506406
"University students’ intentions to seek psychological counseling, attitudes toward seeking psychological help, and stigma",2023,4,10.1007/s00127-023-02470-8,09337954
Quality of life after endoscopic procedures for chronic pancreatitis: A multicentre study,2023,2,10.1002/ueg2.12466,20506406
"Dismantling the monolith: ethnic origin, racial identity, and major depression among US-born Black Americans",2023,4,10.1007/s00127-022-02412-w,09337954
Management of Hypertension and Associated Cardiovascular Disease in Autosomal Dominant Polycystic Kidney Disease,2023,0,10.1053/j.akdh.2023.03.004,29498139
Mental Health First Aid crisis role-plays between pharmacists and simulated patients with lived experience: a thematic analysis of debrief,2023,5,10.1007/s00127-023-02443-x,09337954
Mediterranean Diet for Cardiovascular Risk Reduction in Chronic Kidney Disease,2023,0,10.1053/j.akdh.2023.07.007,29498139
Easy Kidney-Healthy Recipes,2023,0,10.1053/j.akdh.2023.08.001,29498139
Exploring spirituality and quality of life in individuals who are deaf and have intellectual disabilities,2023,1,10.1007/s00127-023-02451-x,09337954
Fecal occult blood and calprotectin testing to prioritize primary care patients for colonoscopy referral: The advantage study,2023,0,10.1002/ueg2.12446,20506406
Nutrition in Peritoneal Dialysis,2023,0,10.1053/j.akdh.2023.12.008,29498139
Management of Hepatitis C Virus and Hepatitis B Virus Infection in the Setting of Kidney Disease,2023,2,10.1053/j.akdh.2023.04.003,29498139
The use of non-invasive stool tests for verification of Helicobacter pylori eradication and clarithromycin resistance,2023,1,10.1002/ueg2.12473,20506406
Pilot study of a manualised mental health awareness and stigma reduction intervention for Black faith communities in the UK: ON TRAC project,2023,1,10.1007/s00127-023-02492-2,09337954
Etiology and Management of Edema: A Review,2023,2,10.1053/j.akdh.2022.12.002,29498139
Interferential therapy for chronic constipation in adults: The CON-COUR randomizedcontrolled trial,2023,0,10.1002/ueg2.12373,20506406
Obesity and alcoholic etiology as risk factors for multisystem organ failure in acute pancreatitis: Multinational study,2023,4,10.1002/ueg2.12390,20506406
"Neighbourhood context and diagnosed mental health conditions among immigrant and non-immigrant youth: a population-based cohort study in British Columbia, Canada",2023,2,10.1007/s00127-022-02301-2,09337954
Predictive modelling of deliberate self-harm and suicide attempts in young people accessing primary care: a machine learning analysis of a longitudinal study,2023,3,10.1007/s00127-022-02415-7,09337954
An Update on Kidney Ammonium Transport Along the Nephron,2023,5,10.1053/j.akdh.2022.12.005,29498139
Colectomy in patients with ulcerative colitis is not associated to future diagnosis of primary sclerosing cholangitis,2023,0,10.1002/ueg2.12388,20506406
The impact of COVID-19 related adversity on the course of mental health during the pandemic and the role of protective factors: a longitudinal study among older adults in The Netherlands,2023,5,10.1007/s00127-023-02457-5,09337954
"Roles of perception of similarities, continuum beliefs, and social distance toward a person with schizophrenia: a German sample study",2023,0,10.1007/s00127-023-02423-1,09337954
"Stronger together: community participation, structural stigma, and depression among sexual and gender minority adults in 28 European countries",2023,3,10.1007/s00127-022-02385-w,09337954
"Comorbidities, biomarkers and cause specific mortality in patients with irritable bowel syndrome: A phenome-wide association study",2023,2,10.1002/ueg2.12397,20506406
Postoperative adjuvant transarterial chemoembolisation improves survival of hepatocellular carcinoma patients with microvascular invasion: A multicenter retrospective cohort,2023,0,10.1002/ueg2.12365,20506406
Airborne transmission of SARS-Cov2: What consequences for digestive endoscopy?,2023,1,10.1002/ueg2.12355,20506406
Canadian news media coverage of suicide during the COVID-19 pandemic,2023,1,10.1007/s00127-023-02430-2,09337954
The stratified medicalisation of mental health symptoms: educational inequalities in the use of psychotropic medication in Belgium,2023,1,10.1007/s00127-022-02283-1,09337954
"Cross-sectional and longitudinal associations between arts engagement, loneliness, and social support in adolescence",2023,6,10.1007/s00127-022-02379-8,09337954
A blended face-to-face and smartphone intervention to improve suicide prevention literacy and help-seeking intentions among construction workers: a randomised controlled trial,2023,3,10.1007/s00127-023-02429-9,09337954
Excess costs of mental disorders by level of severity,2023,2,10.1007/s00127-022-02298-8,09337954
Is the self-reporting of mental health problems sensitive to public stigma towards mental illness? A comparison of time trends across English regions (2009–19),2023,3,10.1007/s00127-022-02388-7,09337954
Area disadvantage and mental health over the life course: a 69-year prospective birth cohort study,2023,4,10.1007/s00127-023-02427-x,09337954
Influence of sex in alcohol-related liver disease: Pre-clinical and clinical settings,2023,6,10.1002/ueg2.12370,20506406
How many biomarker measurements are needed to predict prognosis in Crohn's disease patients under infliximab?—A prospective study,2023,3,10.1002/ueg2.12420,20506406
Comparison of two strategies for the management of postoperative recurrence in Crohn’s disease patients with one clinical risk factor: A multicentre IG-IBD study,2023,4,10.1002/ueg2.12367,20506406
Military veterans and civilians’ mental health diagnoses: an analysis of secondary mental health services,2023,5,10.1007/s00127-022-02411-x,09337954
Novel Concepts in Nephron Sodium Transport: A Physiological and Clinical Perspective,2023,0,10.1053/j.akdh.2022.12.007,29498139
Stressful life events and incident depression among U.S. military personnel,2023,2,10.1007/s00127-023-02445-9,09337954
Metabolic-associated fatty liver disease is associated with acute pancreatitis with more severe course: Post hoc analysis of a prospectively collected international registry,2023,4,10.1002/ueg2.12389,20506406
Urinary Ammonium in Clinical Medicine: Direct Measurement and the Urine Anion Gap as a Surrogate Marker During Metabolic Acidosis,2023,4,10.1053/j.akdh.2022.12.006,29498139
Celiac disease and risk of microscopic colitis: A nationwide population-based matched cohort study,2023,6,10.1002/ueg2.12374,20506406
Similar geographic distributions of death rates from inflammatory bowel disease and Hodgkin lymphoma or multiple sclerosis,2023,3,10.1002/ueg2.12398,20506406
Drug Development in Autosomal Dominant Polycystic Kidney Disease: Opportunities and Challenges,2023,0,10.1053/j.akdh.2023.01.004,29498139
Healthcare utilization and psychiatric morbidity in violent offenders: findings from a prospective cohort study,2023,0,10.1007/s00127-022-02408-6,09337954
"Prevalence, comorbidities and mediators of childhood anxiety disorders in urban Turkey: a national representative epidemiological study",2023,1,10.1007/s00127-022-02396-7,09337954
Technology-based communication among Hurricane Maria survivors in the United States: a trans-territorial lens,2023,1,10.1007/s00127-022-02404-w,09337954
Hyponatremia Demystified: Integrating Physiology to Shape Clinical Practice,2023,7,10.1053/j.akdh.2022.11.004,29498139
"A house is not a home: a network model perspective on the dynamics between subjective quality of living conditions, social support, and mental health of refugees and asylum seekers",2023,6,10.1007/s00127-022-02419-3,09337954
Do prokinetic agents provide symptom relief through acceleration of gastric emptying? An update and revision of the existing evidence,2023,6,10.1002/ueg2.12362,20506406
Food avoidance and fasting in patients with inflammatory bowel disease: Experience from the Nancy IBD nutrition clinic,2023,6,10.1002/ueg2.12385,20506406
Military service and risk of subsequent drug use disorders among Swedish men,2023,0,10.1007/s00127-023-02426-y,09337954
"Neighbourhood socioeconomic disadvantage and psychiatric disorders among refugees: a population-based, quasi-experimental study in Denmark",2023,10,10.1007/s00127-022-02300-3,09337954
Malignancy rates in Crohn's disease patients with perianal fistula: A German retrospective cohort study,2023,0,10.1002/ueg2.12396,20506406
Real-world use of endoscopic and histological indices in ulcerative colitis: Results of a global survey,2023,6,10.1002/ueg2.12423,20506406
Presentations of self-harm and suicide-related ideation among the Irish Traveller indigenous population to hospital emergency departments: evidence from the National Clinical Programme for self-harm,2023,2,10.1007/s00127-023-02439-7,09337954
Acupuncture combined with ondansetron for prevention of postoperative nausea and vomiting in high-risk patients undergoing laparoscopic gynaecological surgery: A randomised controlled trial,2023,1,10.1002/ueg2.12421,20506406
Autosomal Dominant Polycystic Kidney Disease in Children and Adolescents: Assessing and Managing Risk of Progression,2023,1,10.1053/j.akdh.2023.01.007,29498139
"Family, twin and adoption studies of severe mental disorders in sub-Saharan Africa: a scoping review",2023,1,10.1007/s00127-022-02407-7,09337954
Pharmacologic Management of Autosomal Dominant Polycystic Kidney Disease,2023,0,10.1053/j.akdh.2023.02.002,29498139
What types of green space disrupt a lonelygenic environment? A cohort study,2023,10,10.1007/s00127-022-02381-0,09337954
Salt and Water: A Review of Hypernatremia,2023,3,10.1053/j.akdh.2022.12.010,29498139
"Sex differences in suicide, suicidal ideation, and self-harm after release from incarceration: a systematic review and meta-analysis",2023,9,10.1007/s00127-022-02390-z,09337954
"Migrant status, clinical symptoms and functional outcome in youth at clinical high risk for psychosis: findings from the NAPLS-3 study",2023,1,10.1007/s00127-022-02383-y,09337954
Breaking the Cycle of Recurrent Calcium Stone Disease,2023,0,10.1053/j.akdh.2022.12.004,29498139
Multiple infliximab biosimilar switches appear to be safe and effective in a real-world inflammatory bowel disease cohort,2023,7,10.1002/ueg2.12357,20506406
Parallel latent trajectories of mental health and personal earnings among 16- to 20 year-old US labor force participants: a 20-year longitudinal study,2023,2,10.1007/s00127-022-02398-5,09337954
Efficacy of different bowel preparation regimen volumes for colorectal cancer screening and compliance with European Society of Gastrointestinal Endoscopy performance measures,2023,1,10.1002/ueg2.12386,20506406
Has the therapeutical ceiling been reached in Crohn's disease randomized controlled trials? A systematic review and meta-analysis,2023,6,10.1002/ueg2.12366,20506406
Colorectal polyps: Targets for fluorescence-guided endoscopy to detect high-grade dysplasia and T1 colorectal cancer,2023,1,10.1002/ueg2.12375,20506406
Towards a robust and compact deep learning system for primary detection of early Barrett’s neoplasia: Initial image-based results of training on a multi-center retrospectively collected data set,2023,6,10.1002/ueg2.12363,20506406
A New Understanding of Potassium's Influence Upon Human Health and Renal Physiology,2023,1,10.1053/j.akdh.2023.01.001,29498139
Autosomal Dominant Polycystic Kidney Disease Therapies on the Horizon,2023,4,10.1053/j.akdh.2023.01.003,29498139
Comparing treatment delays and pathways to early intervention services for psychosis in urban settings in India and Canada,2023,2,10.1007/s00127-022-02414-8,09337954
"Developmental pathways of depressive symptoms via parenting, self-evaluation and peer relationships in young people from 3 to 17 years old: evidence from ALSPAC",2023,2,10.1007/s00127-022-02416-6,09337954
Inequity in psychiatric healthcare use in Australia,2023,4,10.1007/s00127-022-02310-1,09337954
Patterns and predictors of depressive and anxiety symptoms within a population-based sample of adults diagnosed with COVID-19 in Michigan,2023,1,10.1007/s00127-023-02453-9,09337954
Physiology of a Forgotten Electrolyte—Magnesium Disorders,2023,6,10.1053/j.akdh.2022.12.001,29498139
Comparing youth with vs without outpatient mental health services on subsequent acute mental health care visits,2023,0,10.1007/s00127-022-02418-4,09337954
The 5-year longitudinal diagnostic profile and health services utilization of patients treated with electroconvulsive therapy in Quebec: a population-based study,2023,1,10.1007/s00127-022-02369-w,09337954
Incidence of mental disorders in the general population aged 1–30 years disaggregated by gender and socioeconomic status,2023,2,10.1007/s00127-023-02425-z,09337954
Mechanisms of Cyst Development in Polycystic Kidney Disease,2023,1,10.1053/j.akdh.2023.03.001,29498139
The application of spatial analysis to understanding the association between area-level socio-economic factors and suicide: a systematic review,2023,4,10.1007/s00127-023-02441-z,09337954
Fear of war and mental health in Germany,2023,10,10.1007/s00127-022-02394-9,09337954
Association between uncertainty regarding right-to-stay and mental health in unaccompanied and separated migrant children (UASC) reaching adulthood: findings from France,2023,2,10.1007/s00127-023-02442-y,09337954
Social integration of people with non-psychotic mental illness over the last 2 decades: the widening gap in the adult population in Belgium,2023,1,10.1007/s00127-022-02302-1,09337954
Ethnic disparities in the use of restrictive practices in adult mental health inpatient settings: a scoping review,2023,9,10.1007/s00127-022-02387-8,09337954
The engaged community action for preventing suicide (ECAPS) model in Latin America: development of the ¡PEDIR! program,2023,5,10.1007/s00127-022-02400-0,09337954
Five-year illness trajectories across racial groups in the UK following a first episode psychosis,2023,4,10.1007/s00127-023-02428-w,09337954
An examination of behavioural and emotional problems in children exposed prenatally to the 27F Chilean earthquake: findings from the ELPI cohort,2023,0,10.1007/s00127-023-02433-z,09337954
Patient Perspectives on ADPKD,2023,0,10.1053/j.akdh.2023.01.002,29498139
Association between obstetric mode of delivery and emotional and behavioural problems in children and adolescents: the children of the 90s health study,2023,3,10.1007/s00127-022-02374-z,09337954
The association between social class and the impact of treatment for mental health problems: a systematic review and narrative synthesis,2023,3,10.1007/s00127-022-02378-9,09337954
Nonpharmacological Management of Autosomal Dominant Polycystic Kidney Disease,2023,0,10.1053/j.akdh.2022.12.008,29498139
Targeting Glomerular Hemodynamics for Kidney Protection,2023,2,10.1053/j.akdh.2022.12.003,29498139
A portrait of Endoscopic retrograde cholangiopancreatography and endoscopic ultrasound training programs in Europe: Current practices and opportunities for improvement,2023,2,10.1002/ueg2.12377,20506406
The incidence of non-affective psychotic disorders in low and middle-income countries: a systematic review and meta-analysis,2023,5,10.1007/s00127-022-02397-6,09337954
Cost-effectiveness of pancreas surveillance: The CDKN2A-p16-Leiden cohort,2023,7,10.1002/ueg2.12360,20506406
Trajectories of housing affordability and mental health problems: a population-based cohort study,2023,3,10.1007/s00127-022-02314-x,09337954
"Prevalence and characteristics of unipolar mania in a low-income country setting: population-based data from the Butajira cohort, rural Ethiopia",2023,1,10.1007/s00127-022-02399-4,09337954
Biomarkers in Polycystic Kidney Disease: Are We There?,2023,1,10.1053/j.akdh.2022.12.009,29498139
Demographic and clinical correlates of social anxiety disorder among US veterans: findings from the NESARC-III study,2023,2,10.1007/s00127-023-02420-4,09337954
Work productivity and activity impairment in disorders of gut-brain interaction: Data from the Rome Foundation Global Epidemiology Study,2023,2,10.1002/ueg2.12425,20506406
Ustekinumab improves health-related quality of life in patients with moderate-to-severe Crohn's disease: Results up to Week 104 of the STARDUST trial,2023,0,10.1002/ueg2.12384,20506406
Adult life-course trajectories of psychological distress and economic outcomes in midlife during the COVID-19 pandemic: evidence from the 1958 and 1970 British birth cohorts,2023,1,10.1007/s00127-022-02377-w,09337954
"Cross-cultural comparison of mental illness stigma and help-seeking attitudes: a multinational population-based study from 16 Arab countries and 10,036 individuals",2023,18,10.1007/s00127-022-02403-x,09337954
Eligibility for antiviral therapy and treatment uptake in chronic hepatitis B patients referred to a European tertiary care center,2023,1,10.1002/ueg2.12376,20506406
Physiopathology of Phosphate Disorders,2023,6,10.1053/j.akdh.2022.12.011,29498139
Virtual reality relaxation for people with mental health conditions: a systematic review,2023,16,10.1007/s00127-022-02417-5,09337954
"Subjective poverty, mental health, and mortality among Chinese older people: a prospective cohort study from 2008 to 2018",2023,3,10.1007/s00127-022-02380-1,09337954
Mental health and associated risk factors of Puerto Rico Post-Hurricane María,2023,0,10.1007/s00127-023-02458-4,09337954
Low education and mental health among older adults: the mediating role of employment and income,2023,9,10.1007/s00127-021-02149-y,09337954
Immunosuppressants exert differential effects on pan-coronavirus infection and distinct combinatory antiviral activity with molnupiravir and nirmatrelvir,2023,2,10.1002/ueg2.12417,20506406
Drug-use disorders in the Eastern Mediterranean Region: a glance at GBD 2019 findings,2023,1,10.1007/s00127-023-02587-w,09337954
Evidence-based Management of Left Main Coronary Artery Disease,2023,0,10.15420/ecr.2023.36,17583756
"Pathways into single motherhood, re-partnering, and trajectories of antidepressant medication purchases",2023,2,10.1007/s00127-022-02371-2,09337954
Subclinical bowel inflammation increases healthcare resources utilization and steroid use before diagnosis of inflammatory bowel disease,2023,5,10.1002/ueg2.12352,20506406
Autonomic regulation in different hypertensive phenotypes - the HELIUS study,2023,0,10.1080/08037051.2023.2270070,08037051
Deep Learning for Image Analysis in Kidney Care,2023,6,10.1053/j.akdh.2022.11.003,29498139
Cardiovascular Disease and COVID-19 Vaccines: A Systematic Review and Analysis of Published Cases,2023,1,10.15420/ecr.2023.01,17583756
Prevalence and predictors of admission at the time of presentation in first episode psychosis,2023,2,10.1007/s00127-023-02552-7,09337954
Selection of Non-vitamin K Antagonist Oral Anticoagulant for Stroke Prevention in Atrial Fibrillation Based on Patient Profile: Perspectives from Vietnamese Experts. Part 1,2023,0,10.15420/ecr.2023.24,17583756
Neighborhood disadvantage and adolescent behavior problems: how do inferences differ across definitions of disadvantage?,2023,0,10.1007/s00127-023-02593-y,09337954
Deep Learning Using Electrocardiograms in Patients on Maintenance Dialysis,2023,2,10.1053/j.akdh.2022.11.009,29498139
Assessing incident depression among older people with and without HIV in U.S.,2023,2,10.1007/s00127-022-02375-y,09337954
Parenthood and psychological distress among English Millennials during the second wave of the COVID-19 pandemic: evidence from the Next Steps cohort study,2023,1,10.1007/s00127-022-02392-x,09337954
Shift-and-persist strategies as a potential protective factor against symptoms of psychological distress among young adults in Puerto Rico,2023,1,10.1007/s00127-023-02601-1,09337954
Accuracy and User Acceptability of 24-hour Ambulatory Blood Pressure Monitoring by a Prototype Cuffless Multi-Sensor Device Compared to a Conventional Oscillometric Device,2023,0,10.1080/08037051.2023.2274595,08037051
Machine Learning Case Study: Patterns of Kidney Function Decline and Their Association With Clinical Outcomes Within 90 Days After the Initiation of Renal Dialysis,2023,0,10.1053/j.akdh.2022.11.006,29498139
Relevance of spirituality and perceived social support to mental health of people with pre-existing mental health disorders during the COVID-19 pandemic: a longitudinal investigation,2023,1,10.1007/s00127-023-02590-1,09337954
Time of self-harm presentations to hospital emergency departments: a scoping review,2023,1,10.1007/s00127-022-02353-4,09337954
Trajectory of adolescents’ nightmares in relation to depression and post-traumatic stress disorder in young adulthood: a 10-year cohort of Chinese Wenchuan earthquake survivors,2023,0,10.1007/s00127-023-02595-w,09337954
Post-pancreatitis diabetes mellitus is common in chronic pancreatitis and is associated with adverse outcomes,2023,10,10.1002/ueg2.12344,20506406
A comparison of probable post-traumatic stress disorder and alcohol consumption among active female members of the UK Police Service and UK Armed Forces,2023,0,10.1007/s00127-022-02356-1,09337954
Adverse outcomes associated with recorded victimization in mental health electronic records during the first UK COVID-19 lockdown,2023,0,10.1007/s00127-022-02393-w,09337954
Why are African immigrants in Montreal reluctant to use mental health services?: a systematic inventory of reasons,2023,0,10.1007/s00127-023-02566-1,09337954
Risk factors of chronic course of anxiety and depressive disorders: a 3-year longitudinal study in the general population,2023,1,10.1007/s00127-023-02591-0,09337954
Burden and trends of mental disorders in China from 1990 to 2019: findings from the Global Burden of Disease Study 2019,2023,0,10.1007/s00127-023-02594-x,09337954
Rates and correlates of medication non-adherence behaviors and attitudes in adult patients with early psychosis,2023,0,10.1007/s00127-023-02563-4,09337954
Selecting patients for interventional procedures to treat hypertension,2023,0,10.1080/08037051.2023.2248276,08037051
Prediction of infected pancreatic necrosis in acute necrotizing pancreatitis by the modified pancreatitis activity scoring system,2023,6,10.1002/ueg2.12353,20506406
Excess mortality in a cohort of Brazilian patients with a median follow-up of 11 years after the first psychiatric hospital admission,2023,5,10.1007/s00127-022-02304-z,09337954
Effect of intensive blood pressure lowering on left ventricular hypertrophy in patients with hypertension: a meta-analysis of randomized trials,2023,0,10.1080/08037051.2023.2242501,08037051
"Blood pressure telemonitoring and telemedicine, a Latin America perspective",2023,2,10.1080/08037051.2023.2251586,08037051
Gastric cancer detection by non-blood-based liquid biopsies: A systematic review looking into the last decade of research,2023,7,10.1002/ueg2.12328,20506406
"Accuracy of cuff-less, continuous, and non-invasive blood pressure measurement in 24-h ABPM in children aged 5–17",2023,1,10.1080/08037051.2023.2255704,08037051
Ulcerative colitis increases risk of hypertension in a UK biobank cohort study,2023,5,10.1002/ueg2.12351,20506406
The association between prenatal psychosocial factors and autism spectrum disorder in offspring at 3 years: a prospective cohort study,2023,1,10.1007/s00127-023-02538-5,09337954
Associations of continuum beliefs with personality disorder stigma: correlational and experimental evidence,2023,1,10.1007/s00127-023-02543-8,09337954
Clinical Management of Non-alcoholic Steatohepatitis and the Role of the Cardiologist,2023,0,10.15420/ecr.2023.22,17583756
The development of suicide risk in people with severe mental disorders during the first year of the COVID-19 pandemic: a claims-based cohort study,2023,0,10.1007/s00127-023-02584-z,09337954
"Impact of the early phase of the COVID-19 pandemic on the use of mental health services in South Korea: a nationwide, health insurance data-based study",2023,4,10.1007/s00127-022-02382-z,09337954
Validity of self-reported hypertension and associated factors among Vietnamese adults: a cross-sectional study,2023,0,10.1080/08037051.2023.2288313,08037051
"A decision tree model of hypertension among college students in Yunnan Province, China",2023,0,10.1080/08037051.2023.2243337,08037051
The Role of Triglyceride-rich Lipoproteins and Their Remnants in Atherosclerotic Cardiovascular Disease,2023,2,10.15420/ecr.2023.16,17583756
Problem drinking recognition among UK military personnel: prevalence and associations,2023,3,10.1007/s00127-022-02306-x,09337954
Alcohol and Heart Failure,2023,0,10.15420/ecr.2023.12,17583756
Disability benefits protect against lost income for South Africans living with Schizophrenia,2023,0,10.1007/s00127-023-02577-y,09337954
Performance of the Aktiia optical blood pressure measurement device in the elderly: a comparison with double blinded auscultation in different body positions,2023,0,10.1080/08037051.2023.2281320,08037051
Validating the Prognostic Utility of the ABCD-GENE Score in Asian Patients with Acute Coronary Syndrome Patients on Clopidogrel,2023,0,10.15420/ecr.2023.27,17583756
"Prevalence and correlates of loneliness and social isolation in the oldest old: a systematic review, meta-analysis and meta-regression",2023,1,10.1007/s00127-023-02602-0,09337954
Markers of cell death predict therapy response in patients with cirrhosis and hepatorenal syndrome,2023,1,10.1002/ueg2.12337,20506406
Acute psychological stress increases paracellular permeability and modulates immune activity in rectal mucosa of healthy volunteers,2023,3,10.1002/ueg2.12329,20506406
Toward a typology of driving under the influence of alcohol and drugs,2023,3,10.1007/s00127-022-02342-7,09337954
Incidence of non-affective psychotic disorders in refugees and peers growing up in Denmark and Sweden: a registry linkage study,2023,0,10.1007/s00127-023-02578-x,09337954
Gaps in Modern Heart Failure and Chronic Kidney Disease Research,2023,0,10.15420/ecr.2022.64,17583756
The Utility of CT Coronary Angiography in Chronic Total Occlusion Percutaneous Coronary Intervention,2023,0,10.15420/ecr.2022.61,17583756
Perceived social support and longitudinal trajectories of depression and anxiety in World Trade Center responders,2023,0,10.1007/s00127-023-02569-y,09337954
Macro-level gender equality and women’s depressive symptoms in South Korea: a longitudinal study,2023,4,10.1007/s00127-022-02335-6,09337954
"Early-onset alcohol, tobacco, and illicit drug use with age at onset of hypertension: a survival analysis",2023,0,10.1007/s00127-023-02596-9,09337954
Association between parental bipolar disorder and increased risk of exposure to prescription opioids for their offspring,2023,0,10.1007/s00127-022-02360-5,09337954
Review of Artificial Intelligence–Based Signal Processing in Dialysis: Challenges for Machine-Embedded and Complementary Applications,2023,1,10.1053/j.akdh.2022.11.002,29498139
Tricuspid Regurgitation: Disease State and Advances in Percutaneous Therapy,2023,0,10.15420/ecr.2023.09,17583756
Real-time use of artificial intelligence (CADEYE) in colorectal cancer surveillance of patients with Lynch syndrome—A randomized controlled pilot trial (CADLY),2023,14,10.1002/ueg2.12354,20506406
Risk and protective factors for recovery at 3-year follow-up after first-episode psychosis onset: a multivariate outcome approach,2023,0,10.1007/s00127-023-02579-w,09337954
Ethnic inequalities in community rehabilitation use and psychiatric hospitalizations among people with chronic psychotic disorder,2023,0,10.1007/s00127-023-02551-8,09337954
Cancer mortality in Common Mental Disorders: A 10-year retrospective cohort study,2023,3,10.1007/s00127-022-02376-x,09337954
Decreased Noise and Identification of Very Low Voltage Signals Using a Novel Electrophysiology Recording System,2023,0,10.15420/ecr.2022.37,17583756
Incidence of SARS-CoV-2 and all-cause mortality in persons with co-occurring substance use disorder and mental illness during the pandemic: a Norwegian cohort study,2023,0,10.1007/s00127-023-02599-6,09337954
Prevalence and risk factors of postpartum depression among women living in the United Arab Emirates,2023,9,10.1007/s00127-022-02372-1,09337954
Pre-pandemic resilience to trauma and mental health outcomes during COVID-19,2023,6,10.1007/s00127-022-02367-y,09337954
Transvenous Lead Extraction: Work in Progress,2023,2,10.15420/ecr.2023.06,17583756
Cardiac Involvement Due to COVID-19: Insights from Imaging and Histopathology,2023,2,10.15420/ecr.2023.02,17583756
Transmural remission improves clinical outcomes up to 5 years in Crohn's disease,2023,5,10.1002/ueg2.12356,20506406
The association between substance use and subsequent employment among students: prospective findings from the CONSTANCES cohort,2023,2,10.1007/s00127-022-02357-0,09337954
Major depressive disorders increase the susceptibility to self-reported infections in two German cohort studies,2023,1,10.1007/s00127-022-02328-5,09337954
Artificial Intelligence and Machine Learning in Perioperative Acute Kidney Injury,2023,0,10.1053/j.akdh.2022.10.001,29498139
The use of key social determinants of health variables in psychiatric research using routinely collected health data: a systematic analysis,2023,1,10.1007/s00127-022-02368-x,09337954
Associations of sexual identity change and identity–attraction discordance with symptomatic alcohol and other drug use,2023,0,10.1007/s00127-023-02600-2,09337954
"Unintentional drug-related deaths in people with mental illness in NSW Australia, 2012–2016: a retrospective cohort study",2023,1,10.1007/s00127-022-02280-4,09337954
Kawasaki Disease: A Never-ending Story?,2023,0,10.15420/ecr.2023.15,17583756
"Factors associated with preeclampsia among pregnant women in Gojjam zones, Amhara region, Ethiopia: a case-control study",2023,0,10.1080/08037051.2023.2255687,08037051
Simulated psychosis care role-plays for pharmacy curricula: a qualitative exploration of student experiences,2023,0,10.1007/s00127-023-02598-7,09337954
Proprotein Convertase Subtilisin/Kexin Type 9 Inhibition: The Big Step Forward in Lipid Control,2023,1,10.15420/ecr.2023.14,17583756
School- and community-level protective factors for resilience among chronically maltreated children in Japan,2023,1,10.1007/s00127-022-02322-x,09337954
Effectiveness of first and second-line empirical treatment in Italy: Results of the European registry on Helicobacter pylori management,2023,7,10.1002/ueg2.12348,20506406
Impact of the mental health reform in Israel on health care and mortality among people with severe mental illness,2023,0,10.1007/s00127-023-02580-3,09337954
Are trajectories of social isolation from childhood to mid-adulthood associated with adult depression or suicide outcomes,2023,7,10.1007/s00127-022-02389-6,09337954
"The Hypertension Excellence Centre programme of the European Society of Hypertension–current status, activities and reshaping for the future",2023,0,10.1080/08037051.2023.2269431,08037051
Artificial Intelligence in Pediatric Nephrology—A Call for Action,2023,2,10.1053/j.akdh.2022.11.001,29498139
Association between autistic traits and binge drinking: Findings from Japan,2023,1,10.1007/s00127-022-02299-7,09337954
Depression and anxiety prevalence in people with cystic fibrosis and their caregivers: a systematic review and meta-analysis,2023,10,10.1007/s00127-022-02307-w,09337954
5G-based remote magnetically controlled capsule endoscopy for examination of the stomach and small bowel,2023,4,10.1002/ueg2.12339,20506406
Adverse outcome analysis in people at clinical high risk for psychosis: results from a 2-year Italian follow-up study,2023,2,10.1007/s00127-023-02597-8,09337954
Percutaneous Left Atrial Appendage Occlusion: What the Practising Physician Should Know,2023,1,10.15420/ecr.2023.18,17583756
Leadless Pacemakers: Current Achievements and Future Perspectives,2023,4,10.15420/ecr.2022.32,17583756
Selection of Non-vitamin K Antagonist Oral Anticoagulant for Stroke Prevention in Atrial Fibrillation Based on Patient Profile: Perspectives from Vietnamese Experts. Part 2,2023,1,10.15420/ecr.2023.25,17583756
Ablation as First-line Therapy for Atrial Fibrillation,2023,2,10.15420/ECR.2023.04,17583756
Autonomy versus support: self-reliance and help-seeking for mental health problems in young people,2023,7,10.1007/s00127-022-02361-4,09337954
Development of psychological resilience and associations with emotional and behavioral health among preschool left-behind children,2023,6,10.1007/s00127-022-02325-8,09337954
Short-term disengagement from early intervention service for first-episode psychosis: findings from the “Parma Early Psychosis” program,2023,4,10.1007/s00127-023-02564-3,09337954
Environmental factors contributing to negative symptoms in youth at clinical high risk for psychosis and outpatients with schizophrenia,2023,0,10.1007/s00127-023-02556-3,09337954
Omics and Artificial Intelligence in Kidney Diseases,2023,1,10.1053/j.akdh.2022.11.005,29498139
"Noise, Air, and Heavy Metal Pollution as Risk Factors for Endothelial Dysfunction",2023,3,10.15420/ecr.2022.41,17583756
Coronary Spasm: Ethnic and Sex Differences,2023,2,10.15420/ecr.2023.13,17583756
Ambulatory blood pressure monitoring in treated patients with hypertension in the COVID-19 pandemic - The study of European society of hypertension (ESH ABPM COVID-19 study),2023,3,10.1080/08037051.2022.2161998,08037051
Admission to jail and psychotic symptoms: a study of the psychotic continuum in a sample of recently incarcerated men,2023,5,10.1007/s00127-022-02339-2,09337954
Comment on the ESC Guidelines 2022 for the Management of Patients with Ventricular Arrhythmias and the Prevention of Sudden Cardiac Death,2023,1,10.15420/ecr.2022.48,17583756
The impact of age on endothelial dysfunction measured by peripheral arterial tonometry in a healthy population-based cohort–the Malmö offspring study,2023,1,10.1080/08037051.2023.2234059,08037051
Current practice of blood pressure measurement in Germany: a nationwide questionnaire-based survey in medical practices,2023,4,10.1080/08037051.2023.2165901,08037051
Dyspnea in Oncological Patients: a Brain Teaser,2023,2,10.15420/ecr.2021.62,17583756
Employment trajectories until midlife in schizophrenia and other psychoses: the Northern Finland Birth Cohort 1966,2023,4,10.1007/s00127-022-02327-6,09337954
The contribution of childhood adversities to the persistence of severe role impairment among college students: a follow-up study,2023,0,10.1007/s00127-023-02434-y,09337954
Psychiatric comorbidity in the Baltimore ECA follow-up study: the matrix approach,2023,0,10.1007/s00127-021-02184-9,09337954
Federated Learning in Health care Using Structured Medical Data,2023,10,10.1053/j.akdh.2022.11.007,29498139
Management of Coronary Artery Spasm,2023,5,10.15420/ecr.2022.47,17583756
The associations of self-reported salt-intake and spot urine sodium with home blood pressure,2023,0,10.1080/08037051.2023.2203267,08037051
Urine sodium excretion is related to extracellular water volume but not to blood pressure in 510 normotensive and never-treated hypertensive subjects,2023,2,10.1080/08037051.2023.2170869,08037051
"Using novel methodology to estimate the prevalence of mental disorders in British Columbia, Canada",2023,1,10.1007/s00127-022-02366-z,09337954
"Comparison of office, home and ambulatory blood pressure measurements in hypertensive and suspected hypertensive SWICOS participants",2023,0,10.1080/08037051.2023.2234496,08037051
What is resistant arterial hypertension?,2023,11,10.1080/08037051.2023.2185457,08037051
Serum uric acid: a futile bystander in endothelial function?,2023,0,10.1080/08037051.2023.2237123,08037051
Validation of the post-traumatic stress disorder subscale of the child behaviour checklist (PTSD-CBCL): screening for post-traumatic stress disorder or attention deficit/hyperactivity disorder?,2023,0,10.1007/s00127-023-02535-8,09337954
"Validation of spot urine in estimating 24-h urinary sodium, potassium and sodium-to-potassium ratio during three different sodium diets in healthy adults",2023,0,10.1080/08037051.2023.2170868,08037051
Pre-eclampsia and Cardiovascular Disease: From Pregnancy to Postpartum,2023,2,10.15420/ecr.2022.56,17583756
Duplicated adrenal veins in primary aldosteronism misdiagnosed with ectopic aldosteronoma due to apparent bilateral aldosterone suppression,2023,0,10.1080/08037051.2023.2209664,08037051
Effect of antihypertensive treatment in isolated systolic hypertension (ISH)–systematic review and meta-analysis of randomised controlled trials,2023,2,10.1080/08037051.2023.2226757,08037051
Sex Differences in Outcome and Prescribing Practice in ST-elevation MI Patients with Multivessel Disease and Incomplete Revascularisation,2023,1,10.15420/ecr.2022.39,17583756
RAS-challenge as a first-look test for detection of primary aldosteronism in patients with treatment-resistant hypertension,2023,1,10.1080/08037051.2023.2179340,08037051
“The more things change…”? Stability of delusional themes across 12 years of presentations to an early intervention service for psychosis,2023,1,10.1007/s00127-022-02324-9,09337954
General and age-specific fertility rates in non-affective psychosis: population-based analysis of Scottish women,2023,0,10.1007/s00127-022-02313-y,09337954
Interaction between slow wave sleep and elevated office blood pressure in non-hypertensive obstructive sleep apnea patients: a cross-sectional study,2023,0,10.1080/08037051.2023.2195009,08037051
Prospective associations between strengths of moral character and health: longitudinal evidence from survey and insurance claims data,2023,7,10.1007/s00127-022-02344-5,09337954
Trajectories of psychological distress and social integration in newly resettled refugees: findings from the Building a New Life in Australia longitudinal study,2023,1,10.1007/s00127-023-02528-7,09337954
"The effect of environmental change, planned and unplanned life events on the long-term outcome of common mental disorders",2023,0,10.1007/s00127-023-02520-1,09337954
Cardiovascular organ damage in relation to hypertension status in patients with ankylosing spondylitis,2023,2,10.1080/08037051.2023.2205956,08037051
High-normal blood pressure in midlife is a stronger risk factor for incident hypertension 26 years later in women than men: the Hordaland Health Study,2023,1,10.1080/08037051.2023.2179337,08037051
"The 3-year progression of clinically significant psychotic-like experiences in a general adult population in Lagos, Nigeria",2023,4,10.1007/s00127-022-02358-z,09337954
Changes in continuum beliefs for depression and schizophrenia in the general population 2011–2020: a widening gap,2023,10,10.1007/s00127-022-02272-4,09337954
Novel approaches: targeting sympathetic outflow in the carotid sinus,2023,0,10.1080/08037051.2023.2232873,08037051
Coronary Microvascular Spasm: Clinical Presentation and Diagnosis,2023,2,10.15420/ecr.2022.50,17583756
Secondary hypertension as a cause of treatment resistance,2023,1,10.1080/08037051.2023.2224898,08037051
Do prenatal factors shape the risk for dementia?: A systematic review of the epidemiological evidence for the prenatal origins of dementia,2023,5,10.1007/s00127-023-02471-7,09337954
Nuclear Factor-κB is a Prime Candidate for the Diagnosis and Control of Inflammatory Cardiovascular Disease,2023,8,10.15420/ecr.2023.10,17583756
A brief report on the temporal relations between social functioning and behavioral health among veterans,2023,0,10.1007/s00127-022-02364-1,09337954
The relationship between problematic Instagram use and eating disorders psychopathology: an explanatory structural equation model,2023,1,10.1007/s00127-023-02477-1,09337954
Machine Learning-Based prediction of Post-Treatment ambulatory blood pressure in patients with hypertension,2023,6,10.1080/08037051.2023.2209674,08037051
"A novel homozygous CYP17A1 mutation causes partial 17 α-hydroxylase/17,20-lyase deficiency in 46,XX: a case report and literature review",2023,2,10.1080/08037051.2023.2195008,08037051
"Examining selection bias in a population-based cohort study of 522 children with familial high risk of schizophrenia or bipolar disorder, and controls: The Danish High Risk and Resilience Study VIA 7",2023,3,10.1007/s00127-022-02338-3,09337954
Sex-based Differences in Percutaneous Coronary Intervention Outcomes in Patients With Ischemic Heart Disease,2023,8,10.15420/ecr.2022.24,17583756
How to Improve Clinical Outcomes and Reduce Cardiovascular Risk in Older People with Cardiovascular Disease: Bridging Evidence Gaps,2023,0,10.15420/ecr.2022.59,17583756
Continuum beliefs of mental illness: a systematic review of measures,2023,5,10.1007/s00127-022-02345-4,09337954
Balloon Pulmonary Angioplasty for Chronic Thromboembolic Pulmonary Hypertension: Clinical Outcomes,2023,0,10.15420/ecr.2022.29,17583756
Mechanisms of Coronary Artery Spasm,2023,4,10.15420/ecr.2022.55,17583756
Needs of forensic psychiatric patients with schizophrenia in five European countries,2023,2,10.1007/s00127-022-02336-5,09337954
Perspectives and Future Directions of Anticoagulant Therapy in Coronary Artery Disease Patients,2023,0,10.15420/ecr.2022.66,17583756
Cancer and Postradiotherapy Cardiotoxicity: How to Face Damage in Women’s Hearts?,2023,1,10.15420/ecr.2022.36,17583756
Clinical and psychosocial outcomes of Black Americans in the Recovery After an Initial Schizophrenia Episode Early Treatment Program (RAISE-ETP) study,2023,5,10.1007/s00127-022-02297-9,09337954
Association between obesity and common mental disorders in women: a population-based study in Southern Brazil,2023,0,10.1007/s00127-023-02530-z,09337954
Fulminant Myocarditis: When One Size Does Not Fit All – A Critical Review of the Literature,2023,0,10.15420/ecr.2022.54,17583756
Blood pressure responses are dependent on call type and related to hypertension status in firefighters,2023,2,10.1080/08037051.2022.2161997,08037051
Kidney transplantation and kidney donation do not affect short-term blood pressure variability,2023,1,10.1080/08037051.2023.2181640,08037051
Beliefs about medications when treating hypertension in primary health care: results from “PERson-centredness in hypertension management using information Technology (PERHIT)”,2023,1,10.1080/08037051.2023.2226736,08037051
Neighbourhood deprivation in childhood and adulthood and risk of arterial stiffness: the Cardiovascular Risk in Young Finns study,2023,0,10.1080/08037051.2023.2220037,08037051
Angiotensin-converting enzyme 2 in human plasma and lung tissue,2023,2,10.1080/08037051.2022.2154745,08037051
Efficacy of Ranol to Improve Diastolic Performance in Heart Failure with Preserved Ejection Fraction: A Systematic Review and Meta-analysis,2023,1,10.15420/ecr.2022.10,17583756
Age- and sex-specific associations between risk scores for schizophrenia and self-reported health in the general population,2023,1,10.1007/s00127-022-02346-3,09337954
Assessment of hypertension-mediated organ damage in children and adolescents with hypertension,2023,1,10.1080/08037051.2023.2212085,08037051